{
    "Accuracy": 0.956140350877193,
    "F1_Score": 0.965034965034965
}